period,total_value,differenced
2019-01-01,465701,
2019-01-02,488901,23200.0
2019-01-03,484062,-4839.0
2019-01-04,477305,-6757.0
2019-01-05,451001,-26304.0
2019-01-06,431380,-19621.0
2019-01-07,473814,42434.0
2019-01-08,488715,14901.0
2019-01-09,490462,1747.0
2019-01-10,470146,-20316.0
2019-01-11,481587,11441.0
2019-01-12,417211,-64376.0
2019-01-13,437955,20744.0
2019-01-14,495428,57473.0
2019-01-15,503286,7858.0
2019-01-16,494536,-8750.0
2019-01-17,481566,-12970.0
2019-01-18,454553,-27013.0
2019-01-19,406819,-47734.0
2019-01-20,407390,571.0
2019-01-21,483640,76250.0
2019-01-22,483964,324.0
2019-01-23,490352,6388.0
2019-01-24,496774,6422.0
2019-01-25,472077,-24697.0
2019-01-26,431673,-40404.0
2019-01-27,407148,-24525.0
2019-01-28,468045,60897.0
2019-01-29,475778,7733.0
2019-01-30,480045,4267.0
2019-01-31,483722,3677.0
2019-02-01,490096,6374.0
2019-02-02,470893,-19203.0
2019-02-03,465715,-5178.0
2019-02-04,552830,87115.0
2019-02-05,611213,58383.0
2019-02-06,621268,10055.0
2019-02-07,575418,-45850.0
2019-02-08,541542,-33876.0
2019-02-09,479383,-62159.0
2019-02-10,497657,18274.0
2019-02-11,533983,36326.0
2019-02-12,535561,1578.0
2019-02-13,560545,24984.0
2019-02-14,522778,-37767.0
2019-02-15,523296,518.0
2019-02-16,471411,-51885.0
2019-02-17,481327,9916.0
2019-02-18,536245,54918.0
2019-02-19,550050,13805.0
2019-02-20,519719,-30331.0
2019-02-21,518523,-1196.0
2019-02-22,538728,20205.0
2019-02-23,497462,-41266.0
2019-02-24,493537,-3925.0
2019-02-25,564150,70613.0
2019-02-26,562292,-1858.0
2019-02-27,559744,-2548.0
2019-02-28,572594,12850.0
2019-03-01,570914,-1680.0
2019-03-02,526128,-44786.0
2019-03-03,520895,-5233.0
2019-03-04,572985,52090.0
2019-03-05,574557,1572.0
2019-03-06,549198,-25359.0
2019-03-07,515734,-33464.0
2019-03-08,561901,46167.0
2019-03-09,521394,-40507.0
2019-03-10,486100,-35294.0
2019-03-11,563970,77870.0
2019-03-12,527485,-36485.0
2019-03-13,531317,3832.0
2019-03-14,551627,20310.0
2019-03-15,517957,-33670.0
2019-03-16,485059,-32898.0
2019-03-17,467459,-17600.0
2019-03-18,502916,35457.0
2019-03-19,490766,-12150.0
2019-03-20,493049,2283.0
2019-03-21,503946,10897.0
2019-03-22,516428,12482.0
2019-03-23,455488,-60940.0
2019-03-24,449552,-5936.0
2019-03-25,514729,65177.0
2019-03-26,489445,-25284.0
2019-03-27,492570,3125.0
2019-03-28,516164,23594.0
2019-03-29,501515,-14649.0
2019-03-30,456575,-44940.0
2019-03-31,455540,-1035.0
2019-04-01,471638,16098.0
2019-04-02,489150,17512.0
2019-04-03,491144,1994.0
2019-04-04,495276,4132.0
2019-04-05,514080,18804.0
2019-04-06,470127,-43953.0
2019-04-07,447400,-22727.0
2019-04-08,506400,59000.0
2019-04-09,513104,6704.0
2019-04-10,506804,-6300.0
2019-04-11,500979,-5825.0
2019-04-12,517154,16175.0
2019-04-13,486005,-31149.0
2019-04-14,471733,-14272.0
2019-04-15,526756,55023.0
2019-04-16,508904,-17852.0
2019-04-17,507099,-1805.0
2019-04-18,523725,16626.0
2019-04-19,515400,-8325.0
2019-04-20,510479,-4921.0
2019-04-21,475740,-34739.0
2019-04-22,504356,28616.0
2019-04-23,525152,20796.0
2019-04-24,567716,42564.0
2019-04-25,576038,8322.0
2019-04-26,553535,-22503.0
2019-04-27,504566,-48969.0
2019-04-28,484452,-20114.0
2019-04-29,509651,25199.0
2019-04-30,531224,21573.0
2019-05-01,529168,-2056.0
2019-05-02,522728,-6440.0
2019-05-03,529120,6392.0
2019-05-04,515356,-13764.0
2019-05-05,497759,-17597.0
2019-05-06,555610,57851.0
2019-05-07,562306,6696.0
2019-05-08,562983,677.0
2019-05-09,544723,-18260.0
2019-05-10,504044,-40679.0
2019-05-11,486037,-18007.0
2019-05-12,471323,-14714.0
2019-05-13,556889,85566.0
2019-05-14,563944,7055.0
2019-05-15,533295,-30649.0
2019-05-16,517437,-15858.0
2019-05-17,502323,-15114.0
2019-05-18,450268,-52055.0
2019-05-19,424369,-25899.0
2019-05-20,485347,60978.0
2019-05-21,493829,8482.0
2019-05-22,485740,-8089.0
2019-05-23,479924,-5816.0
2019-05-24,456652,-23272.0
2019-05-25,447001,-9651.0
2019-05-26,420928,-26073.0
2019-05-27,432056,11128.0
2019-05-28,480860,48804.0
2019-05-29,486971,6111.0
2019-05-30,505256,18285.0
2019-05-31,501184,-4072.0
2019-06-01,493151,-8033.0
2019-06-02,496394,3243.0
2019-06-03,532231,35837.0
2019-06-04,571910,39679.0
2019-06-05,597353,25443.0
2019-06-06,560445,-36908.0
2019-06-07,545982,-14463.0
2019-06-08,526928,-19054.0
2019-06-09,558102,31174.0
2019-06-10,679032,120930.0
2019-06-11,750365,71333.0
2019-06-12,766633,16268.0
2019-06-13,653532,-113101.0
2019-06-14,605559,-47973.0
2019-06-15,548548,-57011.0
2019-06-16,529128,-19420.0
2019-06-17,584396,55268.0
2019-06-18,590502,6106.0
2019-06-19,610253,19751.0
2019-06-20,578600,-31653.0
2019-06-21,551557,-27043.0
2019-06-22,536382,-15175.0
2019-06-23,534563,-1819.0
2019-06-24,595011,60448.0
2019-06-25,582433,-12578.0
2019-06-26,563785,-18648.0
2019-06-27,549899,-13886.0
2019-06-28,550100,201.0
2019-06-29,551593,1493.0
2019-06-30,573246,21653.0
2019-07-01,632119,58873.0
2019-07-02,625997,-6122.0
2019-07-03,607886,-18111.0
2019-07-04,547201,-60685.0
2019-07-05,583299,36098.0
2019-07-06,548970,-34329.0
2019-07-07,528359,-20611.0
2019-07-08,582822,54463.0
2019-07-09,612704,29882.0
2019-07-10,648356,35652.0
2019-07-11,682895,34539.0
2019-07-12,710279,27384.0
2019-07-13,657390,-52889.0
2019-07-14,638805,-18585.0
2019-07-15,727838,89033.0
2019-07-16,712031,-15807.0
2019-07-17,659792,-52239.0
2019-07-18,649239,-10553.0
2019-07-19,638240,-10999.0
2019-07-20,606016,-32224.0
2019-07-21,630068,24052.0
2019-07-22,729803,99735.0
2019-07-23,767553,37750.0
2019-07-24,771954,4401.0
2019-07-25,767021,-4933.0
2019-07-26,778267,11246.0
2019-07-27,719588,-58679.0
2019-07-28,735707,16119.0
2019-07-29,780900,45193.0
2019-07-30,700537,-80363.0
2019-07-31,699974,-563.0
2019-08-01,680870,-19104.0
2019-08-02,704719,23849.0
2019-08-03,693442,-11277.0
2019-08-04,698482,5040.0
2019-08-05,781547,83065.0
2019-08-06,764462,-17085.0
2019-08-07,701688,-62774.0
2019-08-08,652237,-49451.0
2019-08-09,629214,-23023.0
2019-08-10,568192,-61022.0
2019-08-11,555133,-13059.0
2019-08-12,653782,98649.0
2019-08-13,717628,63846.0
2019-08-14,756594,38966.0
2019-08-15,776948,20354.0
2019-08-16,727699,-49249.0
2019-08-17,608232,-119467.0
2019-08-18,571779,-36453.0
2019-08-19,646478,74699.0
2019-08-20,691739,45261.0
2019-08-21,698668,6929.0
2019-08-22,694442,-4226.0
2019-08-23,680079,-14363.0
2019-08-24,649089,-30990.0
2019-08-25,639776,-9313.0
2019-08-26,762209,122433.0
2019-08-27,777189,14980.0
2019-08-28,746128,-31061.0
2019-08-29,715603,-30525.0
2019-08-30,723274,7671.0
2019-08-31,674452,-48822.0
2019-09-01,646603,-27849.0
2019-09-02,674425,27822.0
2019-09-03,782859,108434.0
2019-09-04,807106,24247.0
2019-09-05,810990,3884.0
2019-09-06,761821,-49169.0
2019-09-07,632650,-129171.0
2019-09-08,535497,-97153.0
2019-09-09,590588,55091.0
2019-09-10,581093,-9495.0
2019-09-11,580603,-490.0
2019-09-12,641368,60765.0
2019-09-13,676124,34756.0
2019-09-14,630473,-45651.0
2019-09-15,561858,-68615.0
2019-09-16,573123,11265.0
2019-09-17,572115,-1008.0
2019-09-18,565169,-6946.0
2019-09-19,538326,-26843.0
2019-09-20,524071,-14255.0
2019-09-21,501429,-22642.0
2019-09-22,501463,34.0
2019-09-23,576990,75527.0
2019-09-24,629833,52843.0
2019-09-25,653085,23252.0
2019-09-26,594641,-58444.0
2019-09-27,551218,-43423.0
2019-09-28,465538,-85680.0
2019-09-29,443213,-22325.0
2019-09-30,497029,53816.0
2019-10-01,488745,-8284.0
2019-10-02,495540,6795.0
2019-10-03,469599,-25941.0
2019-10-04,461441,-8158.0
2019-10-05,555828,94387.0
2019-10-06,577725,21897.0
2019-10-07,598640,20915.0
2019-10-08,511197,-87443.0
2019-10-09,495377,-15820.0
2019-10-10,487504,-7873.0
2019-10-11,468368,-19136.0
2019-10-12,419343,-49025.0
2019-10-13,395563,-23780.0
2019-10-14,438194,42631.0
2019-10-15,488922,50728.0
2019-10-16,489200,278.0
2019-10-17,477693,-11507.0
2019-10-18,475583,-2110.0
2019-10-19,426246,-49337.0
2019-10-20,419372,-6874.0
2019-10-21,495298,75926.0
2019-10-22,517969,22671.0
2019-10-23,531161,13192.0
2019-10-24,543211,12050.0
2019-10-25,530568,-12643.0
2019-10-26,442421,-88147.0
2019-10-27,410105,-32316.0
2019-10-28,464209,54104.0
2019-10-29,503086,38877.0
2019-10-30,519189,16103.0
2019-10-31,516950,-2239.0
2019-11-01,504162,-12788.0
2019-11-02,448813,-55349.0
2019-11-03,450732,1919.0
2019-11-04,499264,48532.0
2019-11-05,504680,5416.0
2019-11-06,499264,-5416.0
2019-11-07,489818,-9446.0
2019-11-08,476545,-13273.0
2019-11-09,431371,-45174.0
2019-11-10,415203,-16168.0
2019-11-11,442334,27131.0
2019-11-12,453495,11161.0
2019-11-13,445021,-8474.0
2019-11-14,445268,247.0
2019-11-15,433527,-11741.0
2019-11-16,397727,-35800.0
2019-11-17,395741,-1986.0
2019-11-18,452695,56954.0
2019-11-19,455045,2350.0
2019-11-20,454558,-487.0
2019-11-21,463827,9269.0
2019-11-22,446870,-16957.0
2019-11-23,383765,-63105.0
2019-11-24,366134,-17631.0
2019-11-25,440536,74402.0
2019-11-26,453598,13062.0
2019-11-27,438313,-15285.0
2019-11-28,394719,-43594.0
2019-11-29,425902,31183.0
2019-11-30,419355,-6547.0
2019-12-01,410581,-8774.0
2019-12-02,461106,50525.0
2019-12-03,441071,-20035.0
2019-12-04,444687,3616.0
2019-12-05,448960,4273.0
2019-12-06,447228,-1732.0
2019-12-07,407124,-40104.0
2019-12-08,379020,-28104.0
2019-12-09,437195,58175.0
2019-12-10,445752,8557.0
2019-12-11,469984,24232.0
2019-12-12,429838,-40146.0
2019-12-13,432301,2463.0
2019-12-14,425274,-7027.0
2019-12-15,416897,-8377.0
2019-12-16,465984,49087.0
2019-12-17,486214,20230.0
2019-12-18,488367,2153.0
2019-12-19,430541,-57826.0
2019-12-20,431358,817.0
2019-12-21,395803,-35555.0
2019-12-22,412755,16952.0
2019-12-23,442535,29780.0
2019-12-24,448494,5959.0
2019-12-25,416925,-31569.0
2019-12-26,438831,21906.0
2019-12-27,447171,8340.0
2019-12-28,404084,-43087.0
2019-12-29,401417,-2667.0
2019-12-30,431051,29634.0
2019-12-31,403586,-27465.0
2020-01-01,374540,-29046.0
2020-01-02,408872,34332.0
2020-01-03,415516,6644.0
2020-01-04,372909,-42607.0
2020-01-05,379819,6910.0
2020-01-06,432251,52432.0
2020-01-07,436625,4374.0
2020-01-08,428183,-8442.0
2020-01-09,453271,25088.0
2020-01-10,450430,-2841.0
2020-01-11,412566,-37864.0
2020-01-12,409493,-3073.0
2020-01-13,478991,69498.0
2020-01-14,489132,10141.0
2020-01-15,479638,-9494.0
2020-01-16,477164,-2474.0
2020-01-17,456056,-21108.0
2020-01-18,410339,-45717.0
2020-01-19,389275,-21064.0
2020-01-20,424266,34991.0
2020-01-21,443958,19692.0
2020-01-22,436841,-7117.0
2020-01-23,427918,-8923.0
2020-01-24,409119,-18799.0
2020-01-25,335210,-73909.0
2020-01-26,368318,33108.0
2020-01-27,421262,52944.0
2020-01-28,427135,5873.0
2020-01-29,406024,-21111.0
2020-01-30,402540,-3484.0
2020-01-31,388325,-14215.0
2020-02-01,353385,-34940.0
2020-02-02,379973,26588.0
2020-02-03,437507,57534.0
2020-02-04,458741,21234.0
2020-02-05,430476,-28265.0
2020-02-06,408644,-21832.0
2020-02-07,398839,-9805.0
2020-02-08,370925,-27914.0
2020-02-09,385943,15018.0
2020-02-10,442457,56514.0
2020-02-11,428571,-13886.0
2020-02-12,442576,14005.0
2020-02-13,434371,-8205.0
2020-02-14,400358,-34013.0
2020-02-15,377576,-22782.0
2020-02-16,366558,-11018.0
2020-02-17,426470,59912.0
2020-02-18,432225,5755.0
2020-02-19,458131,25906.0
2020-02-20,436477,-21654.0
2020-02-21,403217,-33260.0
2020-02-22,369294,-33923.0
2020-02-23,363340,-5954.0
2020-02-24,398668,35328.0
2020-02-25,433280,34612.0
2020-02-26,414142,-19138.0
2020-02-27,407625,-6517.0
2020-02-28,402314,-5311.0
2020-02-29,351495,-50819.0
2020-03-01,351220,-275.0
2020-03-02,405425,54205.0
2020-03-03,411412,5987.0
2020-03-04,422833,11421.0
2020-03-05,450539,27706.0
2020-03-06,443266,-7273.0
2020-03-07,405384,-37882.0
2020-03-08,398508,-6876.0
2020-03-09,446733,48225.0
2020-03-10,466061,19328.0
2020-03-11,436474,-29587.0
2020-03-12,464006,27532.0
2020-03-13,505319,41313.0
2020-03-14,465931,-39388.0
2020-03-15,452392,-13539.0
2020-03-16,498125,45733.0
2020-03-17,504049,5924.0
2020-03-18,512544,8495.0
2020-03-19,483924,-28620.0
2020-03-20,443402,-40522.0
2020-03-21,395066,-48336.0
2020-03-22,390893,-4173.0
2020-03-23,426366,35473.0
2020-03-24,445313,18947.0
2020-03-25,430310,-15003.0
2020-03-26,428432,-1878.0
2020-03-27,423414,-5018.0
2020-03-28,378207,-45207.0
2020-03-29,355449,-22758.0
2020-03-30,391241,35792.0
2020-03-31,383498,-7743.0
2020-04-01,394402,10904.0
2020-04-02,409070,14668.0
2020-04-03,392008,-17062.0
2020-04-04,405018,13010.0
2020-04-05,377638,-27380.0
2020-04-06,411118,33480.0
2020-04-07,399202,-11916.0
2020-04-08,378725,-20477.0
2020-04-09,381887,3162.0
2020-04-10,370514,-11373.0
2020-04-11,364349,-6165.0
2020-04-12,381077,16728.0
2020-04-13,434688,53611.0
2020-04-14,397228,-37460.0
2020-04-15,397833,605.0
2020-04-16,399536,1703.0
2020-04-17,386197,-13339.0
2020-04-18,362119,-24078.0
2020-04-19,358908,-3211.0
2020-04-20,393626,34718.0
2020-04-21,395303,1677.0
2020-04-22,404806,9503.0
2020-04-23,435310,30504.0
2020-04-24,462712,27402.0
2020-04-25,448433,-14279.0
2020-04-26,432783,-15650.0
2020-04-27,464958,32175.0
2020-04-28,466682,1724.0
2020-04-29,443448,-23234.0
2020-04-30,446496,3048.0
2020-05-01,448090,1594.0
2020-05-02,419147,-28943.0
2020-05-03,380320,-38827.0
2020-05-04,423196,42876.0
2020-05-05,443271,20075.0
2020-05-06,461153,17882.0
2020-05-07,447963,-13190.0
2020-05-08,439257,-8706.0
2020-05-09,409725,-29532.0
2020-05-10,391553,-18172.0
2020-05-11,417358,25805.0
2020-05-12,399537,-17821.0
2020-05-13,392747,-6790.0
2020-05-14,391865,-882.0
2020-05-15,412099,20234.0
2020-05-16,373445,-38654.0
2020-05-17,370280,-3165.0
2020-05-18,387979,17699.0
2020-05-19,394330,6351.0
2020-05-20,382861,-11469.0
2020-05-21,384529,1668.0
2020-05-22,390834,6305.0
2020-05-23,370306,-20528.0
2020-05-24,376385,6079.0
2020-05-25,422074,45689.0
2020-05-26,522742,100668.0
2020-05-27,567410,44668.0
2020-05-28,548834,-18576.0
2020-05-29,449655,-99179.0
2020-05-30,410961,-38694.0
2020-05-31,391097,-19864.0
2020-06-01,454030,62933.0
2020-06-02,515055,61025.0
2020-06-03,615173,100118.0
2020-06-04,591151,-24022.0
2020-06-05,465156,-125995.0
2020-06-06,412190,-52966.0
2020-06-07,369106,-43084.0
2020-06-08,434054,64948.0
2020-06-09,521111,87057.0
2020-06-10,600155,79044.0
2020-06-11,588510,-11645.0
2020-06-12,490444,-98066.0
2020-06-13,426082,-64362.0
2020-06-14,416498,-9584.0
2020-06-15,486443,69945.0
2020-06-16,485123,-1320.0
2020-06-17,476081,-9042.0
2020-06-18,503124,27043.0
2020-06-19,506589,3465.0
2020-06-20,465239,-41350.0
2020-06-21,484717,19478.0
2020-06-22,562884,78167.0
2020-06-23,582598,19714.0
2020-06-24,580108,-2490.0
2020-06-25,576886,-3222.0
2020-06-26,568220,-8666.0
2020-06-27,557279,-10941.0
2020-06-28,474155,-83124.0
2020-06-29,481373,7218.0
2020-06-30,475231,-6142.0
2020-07-01,479589,4358.0
2020-07-02,485026,5437.0
2020-07-03,484574,-452.0
2020-07-04,483747,-827.0
2020-07-05,532160,48413.0
2020-07-06,602846,70686.0
2020-07-07,588038,-14808.0
2020-07-08,592768,4730.0
2020-07-09,598363,5595.0
2020-07-10,648463,50100.0
2020-07-11,659626,11163.0
2020-07-12,681381,21755.0
2020-07-13,690067,8686.0
2020-07-14,630446,-59621.0
2020-07-15,605875,-24571.0
2020-07-16,588477,-17398.0
2020-07-17,576509,-11968.0
2020-07-18,552561,-23948.0
2020-07-19,560440,7879.0
2020-07-20,604723,44283.0
2020-07-21,577553,-27170.0
2020-07-22,524547,-53006.0
2020-07-23,510923,-13624.0
2020-07-24,508872,-2051.0
2020-07-25,509134,262.0
2020-07-26,543854,34720.0
2020-07-27,656466,112612.0
2020-07-28,631440,-25026.0
2020-07-29,645184,13744.0
2020-07-30,668838,23654.0
2020-07-31,682604,13766.0
2020-08-01,631062,-51542.0
2020-08-02,596193,-34869.0
2020-08-03,663855,67662.0
2020-08-04,608464,-55391.0
2020-08-05,568472,-39992.0
2020-08-06,527876,-40596.0
2020-08-07,526037,-1839.0
2020-08-08,523320,-2717.0
2020-08-09,553094,29774.0
2020-08-10,614620,61526.0
2020-08-11,595617,-19003.0
2020-08-12,642482,46865.0
2020-08-13,697253,54771.0
2020-08-14,772401,75148.0
2020-08-15,772836,435.0
2020-08-16,763071,-9765.0
2020-08-17,823173,60102.0
2020-08-18,842156,18983.0
2020-08-19,807930,-34226.0
2020-08-20,753857,-54073.0
2020-08-21,712240,-41617.0
2020-08-22,707834,-4406.0
2020-08-23,692686,-15148.0
2020-08-24,810161,117475.0
2020-08-25,790572,-19589.0
2020-08-26,754649,-35923.0
2020-08-27,740838,-13811.0
2020-08-28,705984,-34854.0
2020-08-29,609054,-96930.0
2020-08-30,562412,-46642.0
2020-08-31,617232,54820.0
2020-09-01,618845,1613.0
2020-09-02,632116,13271.0
2020-09-03,714908,82792.0
2020-09-04,748504,33596.0
2020-09-05,756424,7920.0
2020-09-06,805835,49411.0
2020-09-07,738955,-66880.0
2020-09-08,655148,-83807.0
2020-09-09,589854,-65294.0
2020-09-10,533275,-56579.0
2020-09-11,535434,2159.0
2020-09-12,505750,-29684.0
2020-09-13,514651,8901.0
2020-09-14,590457,75806.0
2020-09-15,599679,9222.0
2020-09-16,627427,27748.0
2020-09-17,632092,4665.0
2020-09-18,621930,-10162.0
2020-09-19,569129,-52801.0
2020-09-20,526432,-42697.0
2020-09-21,584779,58347.0
2020-09-22,590759,5980.0
2020-09-23,597341,6582.0
2020-09-24,607301,9960.0
2020-09-25,563578,-43723.0
2020-09-26,516104,-47474.0
2020-09-27,526214,10110.0
2020-09-28,646541,120327.0
2020-09-29,657786,11245.0
2020-09-30,680428,22642.0
2020-10-01,690232,9804.0
2020-10-02,657114,-33118.0
2020-10-03,588823,-68291.0
2020-10-04,539551,-49272.0
2020-10-05,613412,73861.0
2020-10-06,598696,-14716.0
2020-10-07,583707,-14989.0
2020-10-08,510408,-73299.0
2020-10-09,531496,21088.0
2020-10-10,483642,-47854.0
2020-10-11,468075,-15567.0
2020-10-12,561240,93165.0
2020-10-13,591987,30747.0
2020-10-14,591606,-381.0
2020-10-15,633380,41774.0
2020-10-16,601325,-32055.0
2020-10-17,574012,-27313.0
2020-10-18,544001,-30011.0
2020-10-19,579388,35387.0
2020-10-20,577516,-1872.0
2020-10-21,553041,-24475.0
2020-10-22,552225,-816.0
2020-10-23,530154,-22071.0
2020-10-24,450888,-79266.0
2020-10-25,447664,-3224.0
2020-10-26,515016,67352.0
2020-10-27,503942,-11074.0
2020-10-28,504700,758.0
2020-10-29,502642,-2058.0
2020-10-30,478292,-24350.0
2020-10-31,444137,-34155.0
2020-11-01,464835,20698.0
2020-11-02,503694,38859.0
2020-11-03,506036,2342.0
2020-11-04,510425,4389.0
2020-11-05,535170,24745.0
2020-11-06,515164,-20006.0
2020-11-07,460933,-54231.0
2020-11-08,427306,-33627.0
2020-11-09,485633,58327.0
2020-11-10,488170,2537.0
2020-11-11,486500,-1670.0
2020-11-12,481150,-5350.0
2020-11-13,456932,-24218.0
2020-11-14,409901,-47031.0
2020-11-15,419363,9462.0
2020-11-16,474144,54781.0
2020-11-17,473444,-700.0
2020-11-18,478975,5531.0
2020-11-19,470187,-8788.0
2020-11-20,476233,6046.0
2020-11-21,431229,-45004.0
2020-11-22,425927,-5302.0
2020-11-23,483150,57223.0
2020-11-24,469589,-13561.0
2020-11-25,464342,-5247.0
2020-11-26,421198,-43144.0
2020-11-27,423017,1819.0
2020-11-28,428322,5305.0
2020-11-29,434725,6403.0
2020-11-30,477780,43055.0
2020-12-01,507358,29578.0
2020-12-02,513466,6108.0
2020-12-03,500207,-13259.0
2020-12-04,508564,8357.0
2020-12-05,460963,-47601.0
2020-12-06,441989,-18974.0
2020-12-07,507449,65460.0
2020-12-08,484511,-22938.0
2020-12-09,466804,-17707.0
2020-12-10,492264,25460.0
2020-12-11,493653,1389.0
2020-12-12,456628,-37025.0
2020-12-13,453662,-2966.0
2020-12-14,508111,54449.0
2020-12-15,495405,-12706.0
2020-12-16,507463,12058.0
2020-12-17,472291,-35172.0
2020-12-18,462261,-10030.0
2020-12-19,427096,-35165.0
2020-12-20,412063,-15033.0
2020-12-21,449888,37825.0
2020-12-22,455330,5442.0
2020-12-23,476794,21464.0
2020-12-24,436719,-40075.0
2020-12-25,397474,-39245.0
2020-12-26,397307,-167.0
2020-12-27,388209,-9098.0
2020-12-28,469562,81353.0
2020-12-29,479247,9685.0
2020-12-30,467587,-11660.0
2020-12-31,429105,-38482.0
2021-01-01,392615,-36490.0
2021-01-02,378122,-14493.0
2021-01-03,384620,6498.0
2021-01-04,429729,45109.0
2021-01-05,437932,8203.0
2021-01-06,432339,-5593.0
2021-01-07,436669,4330.0
2021-01-08,445600,8931.0
2021-01-09,394864,-50736.0
2021-01-10,376122,-18742.0
2021-01-11,435224,59102.0
2021-01-12,418119,-17105.0
2021-01-13,414429,-3690.0
2021-01-14,419726,5297.0
2021-01-15,418736,-990.0
2021-01-16,378005,-40731.0
2021-01-17,362319,-15686.0
2021-01-18,398458,36139.0
2021-01-19,411590,13132.0
2021-01-20,403720,-7870.0
2021-01-21,429341,25621.0
2021-01-22,431497,2156.0
2021-01-23,387373,-44124.0
2021-01-24,419400,32027.0
2021-01-25,484406,65006.0
2021-01-26,505656,21250.0
2021-01-27,472299,-33357.0
2021-01-28,467675,-4624.0
2021-01-29,446938,-20737.0
2021-01-30,383250,-63688.0
2021-01-31,363854,-19396.0
2021-02-01,401868,38014.0
2021-02-02,403780,1912.0
2021-02-03,439341,35561.0
2021-02-04,431471,-7870.0
2021-02-05,416180,-15291.0
2021-02-06,373053,-43127.0
2021-02-07,367107,-5946.0
2021-02-08,449225,82118.0
2021-02-09,514392,65167.0
2021-02-10,506289,-8103.0
2021-02-11,495549,-10740.0
2021-02-12,494085,-1464.0
2021-02-13,506089,12004.0
2021-02-14,489817,-16272.0
2021-02-15,522975,33158.0
2021-02-16,527522,4547.0
2021-02-17,533689,6167.0
2021-02-18,529173,-4516.0
2021-02-19,490018,-39155.0
2021-02-20,445884,-44134.0
2021-02-21,412021,-33863.0
2021-02-22,470034,58013.0
2021-02-23,457729,-12305.0
2021-02-24,482149,24420.0
2021-02-25,461737,-20412.0
2021-02-26,468832,7095.0
2021-02-27,457265,-11567.0
2021-02-28,425115,-32150.0
2021-03-01,479595,54480.0
2021-03-02,466956,-12639.0
2021-03-03,481839,14883.0
2021-03-04,474509,-7330.0
2021-03-05,466971,-7538.0
2021-03-06,440741,-26230.0
2021-03-07,419117,-21624.0
2021-03-08,500116,80999.0
2021-03-09,515624,15508.0
2021-03-10,511764,-3860.0
2021-03-11,496063,-15701.0
2021-03-12,484392,-11671.0
2021-03-13,468803,-15589.0
2021-03-14,417210,-51593.0
2021-03-15,479517,62307.0
2021-03-16,508231,28714.0
2021-03-17,493355,-14876.0
2021-03-18,475956,-17399.0
2021-03-19,450085,-25871.0
2021-03-20,442192,-7893.0
2021-03-21,426421,-15771.0
2021-03-22,436028,9607.0
2021-03-23,463037,27009.0
2021-03-24,429479,-33558.0
2021-03-25,448444,18965.0
2021-03-26,432076,-16368.0
2021-03-27,394351,-37725.0
2021-03-28,390051,-4300.0
2021-03-29,452378,62327.0
2021-03-30,480140,27762.0
2021-03-31,479360,-780.0
2021-04-01,457934,-21426.0
2021-04-02,456292,-1642.0
2021-04-03,453272,-3020.0
2021-04-04,409232,-44040.0
2021-04-05,456661,47429.0
2021-04-06,468749,12088.0
2021-04-07,471522,2773.0
2021-04-08,487133,15611.0
2021-04-09,492518,5385.0
2021-04-10,471734,-20784.0
2021-04-11,474839,3105.0
2021-04-12,525514,50675.0
2021-04-13,532990,7476.0
2021-04-14,517472,-15518.0
2021-04-15,533534,16062.0
2021-04-16,527386,-6148.0
2021-04-17,498428,-28958.0
2021-04-18,478715,-19713.0
2021-04-19,526886,48171.0
2021-04-20,521145,-5741.0
2021-04-21,538271,17126.0
2021-04-22,517800,-20471.0
2021-04-23,534552,16752.0
2021-04-24,500933,-33619.0
2021-04-25,463881,-37052.0
2021-04-26,490501,26620.0
2021-04-27,509496,18995.0
2021-04-28,519394,9898.0
2021-04-29,541372,21978.0
2021-04-30,537178,-4194.0
2021-05-01,496384,-40794.0
2021-05-02,470102,-26282.0
2021-05-03,504392,34290.0
2021-05-04,545499,41107.0
2021-05-05,571166,25667.0
2021-05-06,534506,-36660.0
2021-05-07,519237,-15269.0
2021-05-08,460772,-58465.0
2021-05-09,473566,12794.0
2021-05-10,534937,61371.0
2021-05-11,586262,51325.0
2021-05-12,601726,15464.0
2021-05-13,610423,8697.0
2021-05-14,599927,-10496.0
2021-05-15,536983,-62944.0
2021-05-16,511958,-25025.0
2021-05-17,565448,53490.0
2021-05-18,561522,-3926.0
2021-05-19,588808,27286.0
2021-05-20,559280,-29528.0
2021-05-21,543910,-15370.0
2021-05-22,490985,-52925.0
2021-05-23,449848,-41137.0
2021-05-24,513276,63428.0
2021-05-25,565451,52175.0
2021-05-26,572197,6746.0
2021-05-27,564790,-7407.0
2021-05-28,550094,-14696.0
2021-05-29,544795,-5299.0
2021-05-30,517048,-27747.0
2021-05-31,568422,51374.0
2021-06-01,686061,117639.0
2021-06-02,707629,21568.0
2021-06-03,660674,-46955.0
2021-06-04,627692,-32982.0
2021-06-05,561123,-66569.0
2021-06-06,528650,-32473.0
2021-06-07,538371,9721.0
2021-06-08,532507,-5864.0
2021-06-09,518982,-13525.0
2021-06-10,502446,-16536.0
2021-06-11,533307,30861.0
2021-06-12,563697,30390.0
2021-06-13,609896,46199.0
2021-06-14,704193,94297.0
2021-06-15,723812,19619.0
2021-06-16,779663,55851.0
2021-06-17,821391,41728.0
2021-06-18,795186,-26205.0
2021-06-19,691960,-103226.0
2021-06-20,663068,-28892.0
2021-06-21,713263,50195.0
2021-06-22,640783,-72480.0
2021-06-23,595875,-44908.0
2021-06-24,606261,10386.0
2021-06-25,640017,33756.0
2021-06-26,649607,9590.0
2021-06-27,683648,34041.0
2021-06-28,788207,104559.0
2021-06-29,740002,-48205.0
2021-06-30,666582,-73420.0
2021-07-01,677147,10565.0
2021-07-02,669044,-8103.0
2021-07-03,617904,-51140.0
2021-07-04,578546,-39358.0
2021-07-05,628540,49994.0
2021-07-06,718942,90402.0
2021-07-07,709986,-8956.0
2021-07-08,788037,78051.0
2021-07-09,898716,110679.0
2021-07-10,884317,-14399.0
2021-07-11,830502,-53815.0
2021-07-12,853356,22854.0
2021-07-13,815034,-38322.0
2021-07-14,761189,-53845.0
2021-07-15,705655,-55534.0
2021-07-16,683480,-22175.0
2021-07-17,667988,-15492.0
2021-07-18,691203,23215.0
2021-07-19,800287,109084.0
2021-07-20,778211,-22076.0
2021-07-21,786141,7930.0
2021-07-22,767646,-18495.0
2021-07-23,729770,-37876.0
2021-07-24,678013,-51757.0
2021-07-25,667972,-10041.0
2021-07-26,709862,41890.0
2021-07-27,770251,60389.0
2021-07-28,841955,71704.0
2021-07-29,875771,33816.0
2021-07-30,848551,-27220.0
2021-07-31,739248,-109303.0
2021-08-01,698964,-40284.0
2021-08-02,792633,93669.0
2021-08-03,819205,26572.0
2021-08-04,837732,18527.0
2021-08-05,775741,-61991.0
2021-08-06,686527,-89214.0
2021-08-07,610988,-75539.0
2021-08-08,626815,15827.0
2021-08-09,736405,109590.0
2021-08-10,772613,36208.0
2021-08-11,792545,19932.0
2021-08-12,818029,25484.0
2021-08-13,795757,-22272.0
2021-08-14,714230,-81527.0
2021-08-15,726207,11977.0
2021-08-16,780709,54502.0
2021-08-17,711002,-69707.0
2021-08-18,659843,-51159.0
2021-08-19,619139,-40704.0
2021-08-20,592197,-26942.0
2021-08-21,543151,-49046.0
2021-08-22,518546,-24605.0
2021-08-23,597208,78662.0
2021-08-24,631119,33911.0
2021-08-25,670873,39754.0
2021-08-26,706004,35131.0
2021-08-27,710825,4821.0
2021-08-28,674516,-36309.0
2021-08-29,678946,4430.0
2021-08-30,722760,43814.0
2021-08-31,636923,-85837.0
2021-09-01,602007,-34916.0
2021-09-02,601940,-67.0
2021-09-03,609764,7824.0
2021-09-04,593246,-16518.0
2021-09-05,623895,30649.0
2021-09-06,688915,65020.0
2021-09-07,789970,101055.0
2021-09-08,802415,12445.0
2021-09-09,825577,23162.0
2021-09-10,748914,-76663.0
2021-09-11,672813,-76101.0
2021-09-12,659924,-12889.0
2021-09-13,701563,41639.0
2021-09-14,665677,-35886.0
2021-09-15,610515,-55162.0
2021-09-16,598658,-11857.0
2021-09-17,570722,-27936.0
2021-09-18,513016,-57706.0
2021-09-19,515968,2952.0
2021-09-20,574671,58703.0
2021-09-21,672545,97874.0
2021-09-22,704213,31668.0
2021-09-23,646752,-57461.0
2021-09-24,610038,-36714.0
2021-09-25,527071,-82967.0
2021-09-26,487934,-39137.0
2021-09-27,566614,78680.0
2021-09-28,533528,-33086.0
2021-09-29,528597,-4931.0
2021-09-30,559594,30997.0
2021-10-01,581815,22221.0
2021-10-02,560877,-20938.0
2021-10-03,554611,-6266.0
2021-10-04,609499,54888.0
2021-10-05,592974,-16525.0
2021-10-06,572048,-20926.0
2021-10-07,567694,-4354.0
2021-10-08,552094,-15600.0
2021-10-09,487776,-64318.0
2021-10-10,472089,-15687.0
2021-10-11,536016,63927.0
2021-10-12,547251,11235.0
2021-10-13,548662,1411.0
2021-10-14,554543,5881.0
2021-10-15,561057,6514.0
2021-10-16,526261,-34796.0
2021-10-17,491590,-34671.0
2021-10-18,539129,47539.0
2021-10-19,532923,-6206.0
2021-10-20,545477,12554.0
2021-10-21,556853,11376.0
2021-10-22,545482,-11371.0
2021-10-23,506427,-39055.0
2021-10-24,487401,-19026.0
2021-10-25,533635,46234.0
2021-10-26,515173,-18462.0
2021-10-27,524201,9028.0
2021-10-28,552514,28313.0
2021-10-29,544454,-8060.0
2021-10-30,491906,-52548.0
2021-10-31,485538,-6368.0
2021-11-01,554131,68593.0
2021-11-02,544450,-9681.0
2021-11-03,513765,-30685.0
2021-11-04,523425,9660.0
2021-11-05,511816,-11609.0
2021-11-06,480522,-31294.0
2021-11-07,479170,-1352.0
2021-11-08,511257,32087.0
2021-11-09,533559,22302.0
2021-11-10,532021,-1538.0
2021-11-11,532561,540.0
2021-11-12,535941,3380.0
2021-11-13,460171,-75770.0
2021-11-14,423361,-36810.0
2021-11-15,486248,62887.0
2021-11-16,481615,-4633.0
2021-11-17,522727,41112.0
2021-11-18,519055,-3672.0
2021-11-19,495483,-23572.0
2021-11-20,455297,-40186.0
2021-11-21,462699,7402.0
2021-11-22,498150,35451.0
2021-11-23,489542,-8608.0
2021-11-24,485076,-4466.0
2021-11-25,413410,-71666.0
2021-11-26,405024,-8386.0
2021-11-27,394172,-10852.0
2021-11-28,381497,-12675.0
2021-11-29,436876,55379.0
2021-11-30,444897,8021.0
2021-12-01,446701,1804.0
2021-12-02,439052,-7649.0
2021-12-03,464313,25261.0
2021-12-04,419940,-44373.0
2021-12-05,414056,-5884.0
2021-12-06,526062,112006.0
2021-12-07,503505,-22557.0
2021-12-08,470517,-32988.0
2021-12-09,481930,11413.0
2021-12-10,484308,2378.0
2021-12-11,436873,-47435.0
2021-12-12,441699,4826.0
2021-12-13,522061,80362.0
2021-12-14,509074,-12987.0
2021-12-15,526685,17611.0
2021-12-16,516444,-10241.0
2021-12-17,507687,-8757.0
2021-12-18,473600,-34087.0
2021-12-19,463249,-10351.0
2021-12-20,501161,37912.0
2021-12-21,495987,-5174.0
2021-12-22,481465,-14522.0
2021-12-23,441302,-40163.0
2021-12-24,419493,-21809.0
2021-12-25,440207,20714.0
2021-12-26,450780,10573.0
2021-12-27,532791,82011.0
2021-12-28,549121,16330.0
2021-12-29,535015,-14106.0
2021-12-30,486111,-48904.0
2021-12-31,463544,-22567.0
2022-01-01,458321,-5223.0
2022-01-02,456183,-2138.0
2022-01-03,508625,52442.0
2022-01-04,514754,6129.0
2022-01-05,520475,5721.0
2022-01-06,472977,-47498.0
2022-01-07,460246,-12731.0
2022-01-08,426323,-33923.0
2022-01-09,440916,14593.0
2022-01-10,498509,57593.0
2022-01-11,477969,-20540.0
2022-01-12,459308,-18661.0
2022-01-13,445458,-13850.0
2022-01-14,436646,-8812.0
2022-01-15,403643,-33003.0
2022-01-16,381253,-22390.0
2022-01-17,413977,32724.0
2022-01-18,446902,32925.0
2022-01-19,460717,13815.0
2022-01-20,444782,-15935.0
2022-01-21,453613,8831.0
2022-01-22,425551,-28062.0
2022-01-23,427620,2069.0
2022-01-24,475015,47395.0
2022-01-25,492884,17869.0
2022-01-26,487085,-5799.0
2022-01-27,489443,2358.0
2022-01-28,497433,7990.0
2022-01-29,416721,-80712.0
2022-01-30,426912,10191.0
2022-01-31,439601,12689.0
2022-02-01,486495,46894.0
2022-02-02,521401,34906.0
2022-02-03,506843,-14558.0
2022-02-04,489248,-17595.0
2022-02-05,415432,-73816.0
2022-02-06,421157,5725.0
2022-02-07,452748,31591.0
2022-02-08,451701,-1047.0
2022-02-09,454497,2796.0
2022-02-10,452710,-1787.0
2022-02-11,440567,-12143.0
2022-02-12,419160,-21407.0
2022-02-13,401858,-17302.0
2022-02-14,437681,35823.0
2022-02-15,447312,9631.0
2022-02-16,461804,14492.0
2022-02-17,445404,-16400.0
2022-02-18,439803,-5601.0
2022-02-19,394577,-45226.0
2022-02-20,366307,-28270.0
2022-02-21,454020,87713.0
2022-02-22,513156,59136.0
2022-02-23,587431,74275.0
2022-02-24,573976,-13455.0
2022-02-25,521006,-52970.0
2022-02-26,441164,-79842.0
2022-02-27,409009,-32155.0
2022-02-28,452103,43094.0
2022-03-01,458628,6525.0
2022-03-02,450021,-8607.0
2022-03-03,441371,-8650.0
2022-03-04,449333,7962.0
2022-03-05,437993,-11340.0
2022-03-06,441882,3889.0
2022-03-07,485149,43267.0
2022-03-08,485449,300.0
2022-03-09,505086,19637.0
2022-03-10,496111,-8975.0
2022-03-11,469849,-26262.0
2022-03-12,404849,-65000.0
2022-03-13,387554,-17295.0
2022-03-14,454908,67354.0
2022-03-15,465476,10568.0
2022-03-16,481470,15994.0
2022-03-17,465558,-15912.0
2022-03-18,461388,-4170.0
2022-03-19,450386,-11002.0
2022-03-20,455404,5018.0
2022-03-21,457830,2426.0
2022-03-22,479658,21828.0
2022-03-23,483839,4181.0
2022-03-24,493087,9248.0
2022-03-25,493340,253.0
2022-03-26,487085,-6255.0
2022-03-27,468381,-18704.0
2022-03-28,419231,-49150.0
2022-03-29,461031,41800.0
2022-03-30,445943,-15088.0
2022-03-31,465357,19414.0
2022-04-01,452085,-13272.0
2022-04-02,422997,-29088.0
2022-04-03,433689,10692.0
2022-04-04,444456,10767.0
2022-04-05,457165,12709.0
2022-04-06,501337,44172.0
2022-04-07,536872,35535.0
2022-04-08,551195,14323.0
2022-04-09,449428,-101767.0
2022-04-10,458975,9547.0
2022-04-11,520414,61439.0
2022-04-12,503255,-17159.0
2022-04-13,530627,27372.0
2022-04-14,568445,37818.0
2022-04-15,531417,-37028.0
2022-04-16,499601,-31816.0
2022-04-17,443524,-56077.0
2022-04-18,537931,94407.0
2022-04-19,529412,-8519.0
2022-04-20,572845,43433.0
2022-04-21,555793,-17052.0
2022-04-22,524048,-31745.0
2022-04-23,464194,-59854.0
2022-04-24,512634,48440.0
2022-04-25,568407,55773.0
2022-04-26,561986,-6421.0
2022-04-27,592588,30602.0
2022-04-28,572162,-20426.0
2022-04-29,542352,-29810.0
2022-04-30,545280,2928.0
2022-05-01,503897,-41383.0
2022-05-02,556679,52782.0
2022-05-03,538127,-18552.0
2022-05-04,586666,48539.0
2022-05-05,576383,-10283.0
2022-05-06,596277,19894.0
2022-05-07,506845,-89432.0
2022-05-08,489123,-17722.0
2022-05-09,498192,9069.0
2022-05-10,523219,25027.0
2022-05-11,500971,-22248.0
2022-05-12,507834,6863.0
2022-05-13,551405,43571.0
2022-05-14,535505,-15900.0
2022-05-15,530103,-5402.0
2022-05-16,575604,45501.0
2022-05-17,584302,8698.0
2022-05-18,595052,10750.0
2022-05-19,566875,-28177.0
2022-05-20,535464,-31411.0
2022-05-21,488774,-46690.0
2022-05-22,490279,1505.0
2022-05-23,542976,52697.0
2022-05-24,595550,52574.0
2022-05-25,633581,38031.0
2022-05-26,601543,-32038.0
2022-05-27,545433,-56110.0
2022-05-28,494501,-50932.0
2022-05-29,425809,-68692.0
2022-05-30,449881,24072.0
2022-05-31,516849,66968.0
2022-06-01,561591,44742.0
2022-06-02,588173,26582.0
2022-06-03,569334,-18839.0
2022-06-04,523600,-45734.0
2022-06-05,517522,-6078.0
2022-06-06,587403,69881.0
2022-06-07,618521,31118.0
2022-06-08,645555,27034.0
2022-06-09,667705,22150.0
2022-06-10,747451,79746.0
2022-06-11,686754,-60697.0
2022-06-12,604009,-82745.0
2022-06-13,589016,-14993.0
2022-06-14,584881,-4135.0
2022-06-15,621834,36953.0
2022-06-16,597367,-24467.0
2022-06-17,542230,-55137.0
2022-06-18,493383,-48847.0
2022-06-19,464919,-28464.0
2022-06-20,578069,113150.0
2022-06-21,663230,85161.0
2022-06-22,680562,17332.0
2022-06-23,715769,35207.0
2022-06-24,696708,-19061.0
2022-06-25,666923,-29785.0
2022-06-26,645069,-21854.0
2022-06-27,733789,88720.0
2022-06-28,745440,11651.0
2022-06-29,704183,-41257.0
2022-06-30,685169,-19014.0
2022-07-01,649438,-35731.0
2022-07-02,595437,-54001.0
2022-07-03,530994,-64443.0
2022-07-04,536077,5083.0
2022-07-05,602923,66846.0
2022-07-06,614179,11256.0
2022-07-07,642569,28390.0
2022-07-08,659239,16670.0
2022-07-09,619726,-39513.0
2022-07-10,630869,11143.0
2022-07-11,758724,127855.0
2022-07-12,749683,-9041.0
2022-07-13,731380,-18303.0
2022-07-14,748620,17240.0
2022-07-15,754626,6006.0
2022-07-16,752267,-2359.0
2022-07-17,739337,-12930.0
2022-07-18,795885,56548.0
2022-07-19,824759,28874.0
2022-07-20,801837,-22922.0
2022-07-21,794973,-6864.0
2022-07-22,747594,-47379.0
2022-07-23,660080,-87514.0
2022-07-24,628509,-31571.0
2022-07-25,729840,101331.0
2022-07-26,748140,18300.0
2022-07-27,753591,5451.0
2022-07-28,754339,748.0
2022-07-29,760890,6551.0
2022-07-30,684720,-76170.0
2022-07-31,676571,-8149.0
2022-08-01,722668,46097.0
2022-08-02,746225,23557.0
2022-08-03,775620,29395.0
2022-08-04,748336,-27284.0
2022-08-05,743047,-5289.0
2022-08-06,695420,-47627.0
2022-08-07,695064,-356.0
2022-08-08,788749,93685.0
2022-08-09,773270,-15479.0
2022-08-10,786831,13561.0
2022-08-11,788257,1426.0
2022-08-12,755907,-32350.0
2022-08-13,681495,-74412.0
2022-08-14,704424,22929.0
2022-08-15,757061,52637.0
2022-08-16,789947,32886.0
2022-08-17,822289,32342.0
2022-08-18,790958,-31331.0
2022-08-19,721310,-69648.0
2022-08-20,666762,-54548.0
2022-08-21,650286,-16476.0
2022-08-22,723480,73194.0
2022-08-23,757190,33710.0
2022-08-24,774074,16884.0
2022-08-25,785833,11759.0
2022-08-26,751285,-34548.0
2022-08-27,645426,-105859.0
2022-08-28,613765,-31661.0
2022-08-29,734378,120613.0
2022-08-30,831542,97164.0
2022-08-31,855085,23543.0
2022-09-01,880927,25842.0
2022-09-02,895470,14543.0
2022-09-03,798530,-96940.0
2022-09-04,794057,-4473.0
2022-09-05,869784,75727.0
2022-09-06,948875,79091.0
2022-09-07,933299,-15576.0
2022-09-08,892998,-40301.0
2022-09-09,800953,-92045.0
2022-09-10,646785,-154168.0
2022-09-11,708854,62069.0
2022-09-12,745590,36736.0
2022-09-13,702130,-43460.0
2022-09-14,659668,-42462.0
2022-09-15,626459,-33209.0
2022-09-16,577387,-49072.0
2022-09-17,547887,-29500.0
2022-09-18,532784,-15103.0
2022-09-19,579159,46375.0
2022-09-20,580613,1454.0
2022-09-21,589074,8461.0
2022-09-22,585491,-3583.0
2022-09-23,610968,25477.0
2022-09-24,620981,10013.0
2022-09-25,645727,24746.0
2022-09-26,714390,68663.0
2022-09-27,696663,-17727.0
2022-09-28,661665,-34998.0
2022-09-29,642694,-18971.0
2022-09-30,621286,-21408.0
2022-10-01,570915,-50371.0
2022-10-02,553454,-17461.0
2022-10-03,636334,82880.0
2022-10-04,655830,19496.0
2022-10-05,637991,-17839.0
2022-10-06,649615,11624.0
2022-10-07,658990,9375.0
2022-10-08,608538,-50452.0
2022-10-09,591706,-16832.0
2022-10-10,596015,4309.0
2022-10-11,576806,-19209.0
2022-10-12,616073,39267.0
2022-10-13,621373,5300.0
2022-10-14,593388,-27985.0
2022-10-15,531189,-62199.0
2022-10-16,503037,-28152.0
2022-10-17,579255,76218.0
2022-10-18,640140,60885.0
2022-10-19,665542,25402.0
2022-10-20,633536,-32006.0
2022-10-21,589974,-43562.0
2022-10-22,504574,-85400.0
2022-10-23,475044,-29530.0
2022-10-24,524622,49578.0
2022-10-25,529836,5214.0
2022-10-26,524029,-5807.0
2022-10-27,524036,7.0
2022-10-28,526780,2744.0
2022-10-29,498752,-28028.0
2022-10-30,466109,-32643.0
2022-10-31,495619,29510.0
2022-11-01,529337,33718.0
2022-11-02,524717,-4620.0
2022-11-03,530693,5976.0
2022-11-04,503411,-27282.0
2022-11-05,426095,-77316.0
2022-11-06,489483,63388.0
2022-11-07,556424,66941.0
2022-11-08,577827,21403.0
2022-11-09,573919,-3908.0
2022-11-10,570372,-3547.0
2022-11-11,565160,-5212.0
2022-11-12,546956,-18204.0
2022-11-13,535722,-11234.0
2022-11-14,583317,47595.0
2022-11-15,607059,23742.0
2022-11-16,588368,-18691.0
2022-11-17,559187,-29181.0
2022-11-18,559575,388.0
2022-11-19,532043,-27532.0
2022-11-20,495329,-36714.0
2022-11-21,535656,40327.0
2022-11-22,518352,-17304.0
2022-11-23,485527,-32825.0
2022-11-24,445514,-40013.0
2022-11-25,448554,3040.0
2022-11-26,443548,-5006.0
2022-11-27,428874,-14674.0
2022-11-28,565151,136277.0
2022-11-29,588417,23266.0
2022-11-30,560581,-27836.0
2022-12-01,586939,26358.0
2022-12-02,581337,-5602.0
2022-12-03,541759,-39578.0
2022-12-04,535175,-6584.0
2022-12-05,587785,52610.0
2022-12-06,557859,-29926.0
2022-12-07,583372,25513.0
2022-12-08,602864,19492.0
2022-12-09,583903,-18961.0
2022-12-10,535672,-48231.0
2022-12-11,536250,578.0
2022-12-12,568162,31912.0
2022-12-13,623554,55392.0
2022-12-14,609904,-13650.0
2022-12-15,626261,16357.0
2022-12-16,595107,-31154.0
2022-12-17,549292,-45815.0
2022-12-18,530922,-18370.0
2022-12-19,609889,78967.0
2022-12-20,622719,12830.0
2022-12-21,631941,9222.0
2022-12-22,633375,1434.0
2022-12-23,615366,-18009.0
2022-12-24,508880,-106486.0
2022-12-25,420747,-88133.0
2022-12-26,440811,20064.0
2022-12-27,453348,12537.0
2022-12-28,498028,44680.0
2022-12-29,552062,54034.0
2022-12-30,545983,-6079.0
2022-12-31,469697,-76286.0
2023-01-01,492140,22443.0
2023-01-02,555636,63496.0
2023-01-03,603726,48090.0
2023-01-04,548640,-55086.0
2023-01-05,565450,16810.0
2023-01-06,542086,-23364.0
2023-01-07,504762,-37324.0
2023-01-08,476702,-28060.0
2023-01-09,553910,77208.0
2023-01-10,585401,31491.0
2023-01-11,564441,-20960.0
2023-01-12,519592,-44849.0
2023-01-13,483131,-36461.0
2023-01-14,479446,-3685.0
2023-01-15,499009,19563.0
2023-01-16,556142,57133.0
2023-01-17,576773,20631.0
2023-01-18,548606,-28167.0
2023-01-19,577616,29010.0
2023-01-20,611519,33903.0
2023-01-21,544002,-67517.0
2023-01-22,534897,-9105.0
2023-01-23,595966,61069.0
2023-01-24,573099,-22867.0
2023-01-25,587918,14819.0
2023-01-26,552067,-35851.0
2023-01-27,545160,-6907.0
2023-01-28,480830,-64330.0
2023-01-29,532848,52018.0
2023-01-30,641471,108623.0
2023-01-31,620309,-21162.0
2023-02-01,570625,-49684.0
2023-02-02,556352,-14273.0
2023-02-03,573640,17288.0
2023-02-04,506684,-66956.0
2023-02-05,510775,4091.0
2023-02-06,533828,23053.0
2023-02-07,545489,11661.0
2023-02-08,537295,-8194.0
2023-02-09,571439,34144.0
2023-02-10,569104,-2335.0
2023-02-11,527270,-41834.0
2023-02-12,487020,-40250.0
2023-02-13,521707,34687.0
2023-02-14,571653,49946.0
2023-02-15,614676,43023.0
2023-02-16,592526,-22150.0
2023-02-17,565021,-27505.0
2023-02-18,468826,-96195.0
2023-02-19,425978,-42848.0
2023-02-20,452494,26516.0
2023-02-21,515164,62670.0
2023-02-22,602346,87182.0
2023-02-23,642251,39905.0
2023-02-24,641465,-786.0
2023-02-25,578666,-62799.0
2023-02-26,523228,-55438.0
2023-02-27,604562,81334.0
2023-02-28,637500,32938.0
2023-03-01,628978,-8522.0
2023-03-02,582402,-46576.0
2023-03-03,567190,-15212.0
2023-03-04,571896,4706.0
2023-03-05,550978,-20918.0
2023-03-06,617996,67018.0
2023-03-07,615953,-2043.0
2023-03-08,627385,11432.0
2023-03-09,601709,-25676.0
2023-03-10,586103,-15606.0
2023-03-11,534985,-51118.0
2023-03-12,538741,3756.0
2023-03-13,577688,38947.0
2023-03-14,597212,19524.0
2023-03-15,573924,-23288.0
2023-03-16,573410,-514.0
2023-03-17,556529,-16881.0
2023-03-18,486817,-69712.0
2023-03-19,485161,-1656.0
2023-03-20,538888,53727.0
2023-03-21,569979,31091.0
2023-03-22,575510,5531.0
2023-03-23,557875,-17635.0
2023-03-24,520391,-37484.0
2023-03-25,480725,-39666.0
2023-03-26,503077,22352.0
2023-03-27,542478,39401.0
2023-03-28,557208,14730.0
2023-03-29,587006,29798.0
2023-03-30,536194,-50812.0
2023-03-31,498225,-37969.0
2023-04-01,468224,-30001.0
2023-04-02,495490,27266.0
2023-04-03,555835,60345.0
2023-04-04,560738,4903.0
2023-04-05,562293,1555.0
2023-04-06,542951,-19342.0
2023-04-07,544192,1241.0
2023-04-08,527726,-16466.0
2023-04-09,522592,-5134.0
2023-04-10,585710,63118.0
2023-04-11,598987,13277.0
2023-04-12,626123,27136.0
2023-04-13,611276,-14847.0
2023-04-14,609126,-2150.0
2023-04-15,539143,-69983.0
2023-04-16,548417,9274.0
2023-04-17,640513,92096.0
2023-04-18,609412,-31101.0
2023-04-19,561875,-47537.0
2023-04-20,608456,46581.0
2023-04-21,611331,2875.0
2023-04-22,572895,-38436.0
2023-04-23,568361,-4534.0
2023-04-24,590838,22477.0
2023-04-25,607694,16856.0
2023-04-26,608605,911.0
2023-04-27,613765,5160.0
2023-04-28,654566,40801.0
2023-04-29,614059,-40507.0
2023-04-30,545679,-68380.0
2023-05-01,579006,33327.0
2023-05-02,556413,-22593.0
2023-05-03,522071,-34342.0
2023-05-04,491776,-30295.0
2023-05-05,505267,13491.0
2023-05-06,452147,-53120.0
2023-05-07,449273,-2874.0
2023-05-08,544985,95712.0
2023-05-09,538109,-6876.0
2023-05-10,538360,251.0
2023-05-11,535852,-2508.0
2023-05-12,561595,25743.0
2023-05-13,530255,-31340.0
2023-05-14,538142,7887.0
2023-05-15,589156,51014.0
2023-05-16,584233,-4923.0
2023-05-17,599575,15342.0
2023-05-18,586262,-13313.0
2023-05-19,579530,-6732.0
2023-05-20,522433,-57097.0
2023-05-21,505572,-16861.0
2023-05-22,550128,44556.0
2023-05-23,570138,20010.0
2023-05-24,564117,-6021.0
2023-05-25,567481,3364.0
2023-05-26,554646,-12835.0
2023-05-27,514019,-40627.0
2023-05-28,513974,-45.0
2023-05-29,537551,23577.0
2023-05-30,543334,5783.0
2023-05-31,571875,28541.0
2023-06-01,606482,34607.0
2023-06-02,602049,-4433.0
2023-06-03,581893,-20156.0
2023-06-04,606379,24486.0
2023-06-05,665077,58698.0
2023-06-06,651750,-13327.0
2023-06-07,642180,-9570.0
2023-06-08,623225,-18955.0
2023-06-09,623283,58.0
2023-06-10,566824,-56459.0
2023-06-11,578011,11187.0
2023-06-12,622995,44984.0
2023-06-13,589745,-33250.0
2023-06-14,588768,-977.0
2023-06-15,633241,44473.0
2023-06-16,615869,-17372.0
2023-06-17,584845,-31024.0
2023-06-18,547376,-37469.0
2023-06-19,570663,23287.0
2023-06-20,601661,30998.0
2023-06-21,630238,28577.0
2023-06-22,637544,7306.0
2023-06-23,610231,-27313.0
2023-06-24,567671,-42560.0
2023-06-25,587057,19386.0
2023-06-26,643319,56262.0
2023-06-27,648749,5430.0
2023-06-28,689377,40628.0
2023-06-29,698040,8663.0
2023-06-30,732012,33972.0
2023-07-01,719872,-12140.0
2023-07-02,776522,56650.0
2023-07-03,818768,42246.0
2023-07-04,725561,-93207.0
2023-07-05,763216,37655.0
2023-07-06,759957,-3259.0
2023-07-07,738450,-21507.0
2023-07-08,677213,-61237.0
2023-07-09,672067,-5146.0
2023-07-10,698278,26211.0
2023-07-11,739581,41303.0
2023-07-12,770093,30512.0
2023-07-13,826399,56306.0
2023-07-14,870665,44266.0
2023-07-15,848598,-22067.0
2023-07-16,860437,11839.0
2023-07-17,911275,50838.0
2023-07-18,931389,20114.0
2023-07-19,960164,28775.0
2023-07-20,962527,2363.0
2023-07-21,905253,-57274.0
2023-07-22,848264,-56989.0
2023-07-23,805592,-42672.0
2023-07-24,858006,52414.0
2023-07-25,895868,37862.0
2023-07-26,950450,54582.0
2023-07-27,894263,-56187.0
2023-07-28,868771,-25492.0
2023-07-29,811449,-57322.0
2023-07-30,752291,-59158.0
2023-07-31,845880,93589.0
2023-08-01,849620,3740.0
2023-08-02,841355,-8265.0
2023-08-03,813861,-27494.0
2023-08-04,778142,-35719.0
2023-08-05,772710,-5432.0
2023-08-06,786971,14261.0
2023-08-07,836638,49667.0
2023-08-08,784494,-52144.0
2023-08-09,715408,-69086.0
2023-08-10,700318,-15090.0
2023-08-11,711889,11571.0
2023-08-12,711083,-806.0
2023-08-13,742474,31391.0
2023-08-14,866486,124012.0
2023-08-15,915208,48722.0
2023-08-16,924348,9140.0
2023-08-17,879494,-44854.0
2023-08-18,738762,-140732.0
2023-08-19,641055,-97707.0
2023-08-20,620710,-20345.0
2023-08-21,667937,47227.0
2023-08-22,674699,6762.0
2023-08-23,741919,67220.0
2023-08-24,758431,16512.0
2023-08-25,762899,4468.0
2023-08-26,707900,-54999.0
2023-08-27,743181,35281.0
2023-08-28,854924,111743.0
2023-08-29,797541,-57383.0
2023-08-30,775929,-21612.0
2023-08-31,744547,-31382.0
2023-09-01,670853,-73694.0
2023-09-02,599978,-70875.0
2023-09-03,569904,-30074.0
2023-09-04,557911,-11993.0
2023-09-05,646721,88810.0
2023-09-06,679725,33004.0
2023-09-07,705929,26204.0
2023-09-08,751504,45575.0
2023-09-09,741031,-10473.0
2023-09-10,708167,-32864.0
2023-09-11,739106,30939.0
2023-09-12,715254,-23852.0
2023-09-13,716630,1376.0
2023-09-14,734611,17981.0
2023-09-15,724720,-9891.0
2023-09-16,664203,-60517.0
2023-09-17,596512,-67691.0
2023-09-18,615865,19353.0
2023-09-19,621897,6032.0
2023-09-20,651850,29953.0
2023-09-21,637545,-14305.0
2023-09-22,595905,-41640.0
2023-09-23,560949,-34956.0
2023-09-24,592817,31868.0
2023-09-25,629895,37078.0
2023-09-26,652822,22927.0
2023-09-27,617767,-35055.0
2023-09-28,616438,-1329.0
2023-09-29,634804,18366.0
2023-09-30,533081,-101723.0
2023-10-01,514429,-18652.0
2023-10-02,567323,52894.0
2023-10-03,598668,31345.0
2023-10-04,632697,34029.0
2023-10-05,688735,56038.0
2023-10-06,702466,13731.0
2023-10-07,666253,-36213.0
2023-10-08,630945,-35308.0
2023-10-09,635974,5029.0
2023-10-10,634210,-1764.0
2023-10-11,592205,-42005.0
2023-10-12,574747,-17458.0
2023-10-13,595520,20773.0
2023-10-14,570438,-25082.0
2023-10-15,590754,20316.0
2023-10-16,681739,90985.0
2023-10-17,644387,-37352.0
2023-10-18,673201,28814.0
2023-10-19,692628,19427.0
2023-10-20,692608,-20.0
2023-10-21,610879,-81729.0
2023-10-22,580957,-29922.0
2023-10-23,579300,-1657.0
2023-10-24,591306,12006.0
2023-10-25,622083,30777.0
2023-10-26,616672,-5411.0
2023-10-27,616606,-66.0
2023-10-28,584293,-32313.0
2023-10-29,556917,-27376.0
2023-10-30,630614,73697.0
2023-10-31,634969,4355.0
2023-11-01,604862,-30107.0
2023-11-02,558701,-46161.0
2023-11-03,527694,-31007.0
2023-11-04,490655,-37039.0
2023-11-05,470192,-20463.0
2023-11-06,550531,80339.0
2023-11-07,523758,-26773.0
2023-11-08,559574,35816.0
2023-11-09,393934,-165640.0
2023-11-10,377185,-16749.0
2023-11-11,459752,82567.0
2023-11-12,468062,8310.0
2023-11-13,501851,33789.0
2023-11-14,559408,57557.0
2023-11-15,568470,9062.0
2023-11-16,547010,-21460.0
2023-11-17,563400,16390.0
2023-11-18,552684,-10716.0
2023-11-19,471233,-81451.0
2023-11-20,571106,99873.0
2023-11-21,596188,25082.0
2023-11-22,575877,-20311.0
2023-11-23,508477,-67400.0
2023-11-24,533681,25204.0
2023-11-25,559947,26266.0
2023-11-26,569516,9569.0
2023-11-27,650585,81069.0
2023-11-28,654326,3741.0
2023-11-29,670078,15752.0
2023-11-30,682046,11968.0
2023-12-01,652225,-29821.0
2023-12-02,551787,-100438.0
2023-12-03,532948,-18839.0
2023-12-04,601599,68651.0
2023-12-05,611259,9660.0
2023-12-06,603722,-7537.0
2023-12-07,586951,-16771.0
2023-12-08,592433,5482.0
2023-12-09,601200,8767.0
2023-12-10,560416,-40784.0
2023-12-11,635531,75115.0
2023-12-12,641617,6086.0
2023-12-13,626226,-15391.0
2023-12-14,626536,310.0
2023-12-15,603768,-22768.0
2023-12-16,555764,-48004.0
2023-12-17,562752,6988.0
2023-12-18,608700,45948.0
2023-12-19,594737,-13963.0
2023-12-20,590259,-4478.0
2023-12-21,573466,-16793.0
2023-12-22,529088,-44378.0
2023-12-23,520976,-8112.0
2023-12-24,509082,-11894.0
2023-12-25,495383,-13699.0
2023-12-26,510181,14798.0
2023-12-27,552646,42465.0
2023-12-28,558583,5937.0
2023-12-29,536126,-22457.0
2023-12-30,512737,-23389.0
2023-12-31,511772,-965.0
2024-01-01,520338,8566.0
2024-01-02,588020,67682.0
2024-01-03,621493,33473.0
2024-01-04,613976,-7517.0
2024-01-05,563612,-50364.0
2024-01-06,525675,-37937.0
2024-01-07,595888,70213.0
2024-01-08,674115,78227.0
2024-01-09,634734,-39381.0
2024-01-10,655128,20394.0
2024-01-11,658053,2925.0
2024-01-12,701911,43858.0
2024-01-13,660959,-40952.0
2024-01-14,619563,-41396.0
2024-01-15,655014,35451.0
2024-01-16,678684,23670.0
2024-01-17,661665,-17019.0
2024-01-18,638815,-22850.0
2024-01-19,647644,8829.0
2024-01-20,590230,-57414.0
2024-01-21,544997,-45233.0
2024-01-22,610884,65887.0
2024-01-23,629802,18918.0
2024-01-24,641749,11947.0
2024-01-25,606160,-35589.0
2024-01-26,594645,-11515.0
2024-01-27,512867,-81778.0
2024-01-28,467160,-45707.0
2024-01-29,529591,62431.0
2024-01-30,515855,-13736.0
2024-01-31,519524,3669.0
2024-02-01,552465,32941.0
2024-02-02,572366,19901.0
2024-02-03,508991,-63375.0
2024-02-04,501241,-7750.0
2024-02-05,565102,63861.0
2024-02-06,577358,12256.0
2024-02-07,625060,47702.0
2024-02-08,589752,-35308.0
2024-02-09,611184,21432.0
2024-02-10,583077,-28107.0
2024-02-11,528877,-54200.0
2024-02-12,563689,34812.0
2024-02-13,595223,31534.0
2024-02-14,609719,14496.0
2024-02-15,618042,8323.0
2024-02-16,598369,-19673.0
2024-02-17,578070,-20299.0
2024-02-18,555408,-22662.0
2024-02-19,596521,41113.0
2024-02-20,608981,12460.0
2024-02-21,600846,-8135.0
2024-02-22,565135,-35711.0
2024-02-23,564576,-559.0
2024-02-24,455853,-108723.0
2024-02-25,430400,-25453.0
2024-02-26,491901,61501.0
2024-02-27,554405,62504.0
2024-02-28,521591,-32814.0
2024-02-29,549851,28260.0
2024-03-01,564855,15004.0
2024-03-02,533734,-31121.0
2024-03-03,545623,11889.0
2024-03-04,592055,46432.0
2024-03-05,625224,33169.0
2024-03-06,611791,-13433.0
2024-03-07,627871,16080.0
2024-03-08,581414,-46457.0
2024-03-09,518021,-63393.0
2024-03-10,463649,-54372.0
2024-03-11,553988,90339.0
2024-03-12,551077,-2911.0
2024-03-13,566183,15106.0
2024-03-14,584569,18386.0
2024-03-15,525771,-58798.0
2024-03-16,482451,-43320.0
2024-03-17,482501,50.0
2024-03-18,545866,63365.0
2024-03-19,531984,-13882.0
2024-03-20,519803,-12181.0
2024-03-21,521981,2178.0
2024-03-22,533135,11154.0
2024-03-23,486105,-47030.0
2024-03-24,473721,-12384.0
2024-03-25,516655,42934.0
2024-03-26,530047,13392.0
2024-03-27,523248,-6799.0
2024-03-28,527236,3988.0
2024-03-29,547287,20051.0
2024-03-30,507446,-39841.0
2024-03-31,471550,-35896.0
2024-04-01,509080,37530.0
2024-04-02,505941,-3139.0
2024-04-03,529427,23486.0
2024-04-04,577707,48280.0
2024-04-05,521021,-56686.0
2024-04-06,474404,-46617.0
2024-04-07,468881,-5523.0
2024-04-08,516015,47134.0
2024-04-09,495964,-20051.0
2024-04-10,554646,58682.0
2024-04-11,545096,-9550.0
2024-04-12,532535,-12561.0
2024-04-13,490110,-42425.0
2024-04-14,490178,68.0
2024-04-15,498743,8565.0
2024-04-16,495793,-2950.0
2024-04-17,562218,66425.0
2024-04-18,565863,3645.0
2024-04-19,583678,17815.0
2024-04-20,540056,-43622.0
2024-04-21,498899,-41157.0
2024-04-22,568411,69512.0
2024-04-23,616322,47911.0
2024-04-24,569830,-46492.0
2024-04-25,588546,18716.0
2024-04-26,560158,-28388.0
2024-04-27,516793,-43365.0
2024-04-28,501886,-14907.0
2024-04-29,588455,86569.0
2024-04-30,625671,37216.0
2024-05-01,626329,658.0
2024-05-02,633976,7647.0
2024-05-03,636363,2387.0
2024-05-04,575295,-61068.0
2024-05-05,516312,-58983.0
2024-05-06,546670,30358.0
2024-05-07,567704,21034.0
2024-05-08,589921,22217.0
2024-05-09,647630,57709.0
2024-05-10,644104,-3526.0
2024-05-11,612697,-31407.0
2024-05-12,581994,-30703.0
2024-05-13,616572,34578.0
2024-05-14,638175,21603.0
2024-05-15,626223,-11952.0
2024-05-16,612336,-13887.0
2024-05-17,587463,-24873.0
2024-05-18,548268,-39195.0
2024-05-19,522716,-25552.0
2024-05-20,564108,41392.0
2024-05-21,561306,-2802.0
2024-05-22,577629,16323.0
2024-05-23,590807,13178.0
2024-05-24,591650,843.0
2024-05-25,544939,-46711.0
2024-05-26,525940,-18999.0
2024-05-27,572569,46629.0
2024-05-28,625221,52652.0
2024-05-29,615903,-9318.0
2024-05-30,617289,1386.0
2024-05-31,646086,28797.0
2024-06-01,624711,-21375.0
2024-06-02,608543,-16168.0
2024-06-03,631123,22580.0
2024-06-04,645430,14307.0
2024-06-05,697730,52300.0
2024-06-06,744621,46891.0
2024-06-07,722997,-21624.0
2024-06-08,647003,-75994.0
2024-06-09,587499,-59504.0
2024-06-10,636799,49300.0
2024-06-11,678511,41712.0
2024-06-12,703351,24840.0
2024-06-13,662994,-40357.0
2024-06-14,658567,-4427.0
2024-06-15,619393,-39174.0
2024-06-16,608567,-10826.0
2024-06-17,608887,320.0
2024-06-18,620653,11766.0
2024-06-19,661648,40995.0
2024-06-20,687793,26145.0
2024-06-21,717362,29569.0
2024-06-22,736188,18826.0
2024-06-23,726720,-9468.0
2024-06-24,797630,70910.0
2024-06-25,792394,-5236.0
2024-06-26,711582,-80812.0
2024-06-27,682239,-29343.0
2024-06-28,682671,432.0
2024-06-29,623759,-58912.0
2024-06-30,642336,18577.0
2024-07-01,685266,42930.0
2024-07-02,737476,52210.0
2024-07-03,765510,28034.0
2024-07-04,758875,-6635.0
2024-07-05,812193,53318.0
2024-07-06,780057,-32136.0
2024-07-07,764003,-16054.0
2024-07-08,852890,88887.0
2024-07-09,877652,24762.0
2024-07-10,849512,-28140.0
2024-07-11,852772,3260.0
2024-07-12,817549,-35223.0
2024-07-13,741932,-75617.0
2024-07-14,656734,-85198.0
2024-07-15,768364,111630.0
2024-07-16,825157,56793.0
2024-07-17,811705,-13452.0
2024-07-18,840726,29021.0
2024-07-19,869158,28432.0
2024-07-20,866171,-2987.0
2024-07-21,805716,-60455.0
2024-07-22,853689,47973.0
2024-07-23,938992,85303.0
2024-07-24,964354,25362.0
2024-07-25,965289,935.0
2024-07-26,900977,-64312.0
2024-07-27,744544,-156433.0
2024-07-28,685791,-58753.0
2024-07-29,741006,55215.0
2024-07-30,780130,39124.0
2024-07-31,827080,46950.0
2024-08-01,856546,29466.0
2024-08-02,875151,18605.0
2024-08-03,843315,-31836.0
2024-08-04,841431,-1884.0
2024-08-05,901368,59937.0
2024-08-06,873125,-28243.0
2024-08-07,875462,2337.0
2024-08-08,848229,-27233.0
2024-08-09,839010,-9219.0
2024-08-10,780385,-58625.0
2024-08-11,760908,-19477.0
2024-08-12,785017,24109.0
2024-08-13,764921,-20096.0
2024-08-14,788007,23086.0
2024-08-15,801782,13775.0
2024-08-16,802782,1000.0
2024-08-17,741490,-61292.0
2024-08-18,698550,-42940.0
2024-08-19,789162,90612.0
2024-08-20,814092,24930.0
2024-08-21,796688,-17404.0
2024-08-22,759613,-37075.0
2024-08-23,674771,-84842.0
2024-08-24,622585,-52186.0
2024-08-25,629990,7405.0
2024-08-26,720843,90853.0
2024-08-27,740290,19447.0
2024-08-28,749062,8772.0
2024-08-29,737920,-11142.0
2024-08-30,735326,-2594.0
2024-08-31,701882,-33444.0
2024-09-01,704146,2264.0
2024-09-02,717668,13522.0
2024-09-03,806043,88375.0
2024-09-04,910938,104895.0
2024-09-05,968565,57627.0
2024-09-06,973556,4991.0
2024-09-07,880729,-92827.0
2024-09-08,855281,-25448.0
2024-09-09,888936,33655.0
2024-09-10,807641,-81295.0
2024-09-11,719399,-88242.0
2024-09-12,662978,-56421.0
2024-09-13,644724,-18254.0
2024-09-14,607694,-37030.0
2024-09-15,626482,18788.0
2024-09-16,629696,3214.0
2024-09-17,608421,-21275.0
2024-09-18,592695,-15726.0
2024-09-19,597175,4480.0
2024-09-20,592530,-4645.0
2024-09-21,606097,13567.0
2024-09-22,619621,13524.0
2024-09-23,696807,77186.0
2024-09-24,721236,24429.0
2024-09-25,658441,-62795.0
2024-09-26,656517,-1924.0
2024-09-27,670713,14196.0
2024-09-28,643878,-26835.0
2024-09-29,607354,-36524.0
2024-09-30,678191,70837.0
2024-10-01,742004,63813.0
2024-10-02,758482,16478.0
2024-10-03,778524,20042.0
2024-10-04,713516,-65008.0
2024-10-05,691069,-22447.0
2024-10-06,722581,31512.0
2024-10-07,812668,90087.0
2024-10-08,796379,-16289.0
2024-10-09,719495,-76884.0
2024-10-10,732051,12556.0
2024-10-11,687515,-44536.0
2024-10-12,635813,-51702.0
2024-10-13,589967,-45846.0
2024-10-14,624603,34636.0
2024-10-15,624707,104.0
2024-10-16,599682,-25025.0
2024-10-17,604594,4912.0
2024-10-18,580212,-24382.0
2024-10-19,526778,-53434.0
2024-10-20,535960,9182.0
2024-10-21,570161,34201.0
2024-10-22,624283,54122.0
2024-10-23,632878,8595.0
2024-10-24,611934,-20944.0
2024-10-25,612851,917.0
2024-10-26,569347,-43504.0
2024-10-27,522091,-47256.0
2024-10-28,573732,51641.0
2024-10-29,573957,225.0
2024-10-30,596369,22412.0
2024-10-31,578722,-17647.0
2024-11-01,581728,3006.0
2024-11-02,91499,-490229.0
2024-11-03,511206,419707.0
2024-11-04,528115,16909.0
2024-11-05,562913,34798.0
2024-11-06,569312,6399.0
2024-11-07,582339,13027.0
2024-11-08,580377,-1962.0
2024-11-09,539790,-40587.0
2024-11-10,528085,-11705.0
2024-11-11,566835,38750.0
2024-11-12,554246,-12589.0
2024-11-13,563271,9025.0
2024-11-14,557804,-5467.0
2024-11-15,560532,2728.0
2024-11-16,504318,-56214.0
2024-11-17,455650,-48668.0
2024-11-18,544286,88636.0
2024-11-19,575153,30867.0
2024-11-20,587873,12720.0
2024-11-21,582450,-5423.0
2024-11-22,559060,-23390.0
2024-11-23,519869,-39191.0
2024-11-24,522110,2241.0
2024-11-25,576826,54716.0
2024-11-26,563410,-13416.0
2024-11-27,559972,-3438.0
2024-11-28,543187,-16785.0
2024-11-29,519854,-23333.0
2024-11-30,509768,-10086.0
2024-12-01,532072,22304.0
2024-12-02,586133,54061.0
2024-12-03,577091,-9042.0
2024-12-04,597492,20401.0
2024-12-05,610703,13211.0
2024-12-06,584363,-26340.0
2024-12-07,525513,-58850.0
2024-12-08,483077,-42436.0
2024-12-09,572597,89520.0
2024-12-10,619620,47023.0
2024-12-11,617462,-2158.0
2024-12-12,640431,22969.0
2024-12-13,606655,-33776.0
2024-12-14,527397,-79258.0
2024-12-15,522047,-5350.0
2024-12-16,608418,86371.0
2024-12-17,591059,-17359.0
2024-12-18,538963,-52096.0
2024-12-19,540193,1230.0
2024-12-20,519235,-20958.0
2024-12-21,476596,-42639.0
2024-12-22,474931,-1665.0
2024-12-23,507539,32608.0
2024-12-24,497660,-9879.0
2024-12-25,485434,-12226.0
2024-12-26,492824,7390.0
2024-12-27,522310,29486.0
2024-12-28,469543,-52767.0
2024-12-29,499105,29562.0
2024-12-30,517794,18689.0
2024-12-31,529056,11262.0
2025-01-01,496883,-32173.0
2025-01-02,538495,41612.0
2025-01-03,531518,-6977.0
2025-01-04,528344,-3174.0
2025-01-05,509173,-19171.0
2025-01-06,554003,44830.0
2025-01-07,571026,17023.0
2025-01-08,546453,-24573.0
2025-01-09,570565,24112.0
2025-01-10,538874,-31691.0
2025-01-11,488114,-50760.0
2025-01-12,545296,57182.0
2025-01-13,606700,61404.0
2025-01-14,628150,21450.0
2025-01-15,614890,-13260.0
2025-01-16,579267,-35623.0
2025-01-17,613212,33945.0
2025-01-18,579239,-33973.0
2025-01-19,591478,12239.0
2025-01-20,611884,20406.0
2025-01-21,628372,16488.0
2025-01-22,633502,5130.0
2025-01-23,624104,-9398.0
2025-01-24,614740,-9364.0
2025-01-25,541476,-73264.0
2025-01-26,555184,13708.0
2025-01-27,623552,68368.0
2025-01-28,657650,34098.0
2025-01-29,667395,9745.0
2025-01-30,646386,-21009.0
2025-01-31,599639,-46747.0
2025-02-01,553283,-46356.0
2025-02-02,580044,26761.0
2025-02-03,638919,58875.0
2025-02-04,692150,53231.0
2025-02-05,652058,-40092.0
2025-02-06,680629,28571.0
2025-02-07,629340,-51289.0
2025-02-08,567412,-61928.0
2025-02-09,564089,-3323.0
2025-02-10,642783,78694.0
2025-02-11,689576,46793.0
2025-02-12,657000,-32576.0
2025-02-13,652654,-4346.0
2025-02-14,616579,-36075.0
2025-02-15,574124,-42455.0
2025-02-16,553275,-20849.0
2025-02-17,594869,41594.0
2025-02-18,592162,-2707.0
2025-02-19,616308,24146.0
2025-02-20,587765,-28543.0
2025-02-21,583864,-3901.0
2025-02-22,485515,-98349.0
2025-02-23,446005,-39510.0
2025-02-24,507289,61284.0
2025-02-25,508683,1394.0
2025-02-26,532828,24145.0
2025-02-27,526811,-6017.0
2025-02-28,514919,-11892.0
2025-03-01,529592,14673.0
2025-03-02,522959,-6633.0
2025-03-03,560396,37437.0
2025-03-04,552008,-8388.0
2025-03-05,545524,-6484.0
2025-03-06,599930,54406.0
2025-03-07,589934,-9996.0
2025-03-08,577610,-12324.0
2025-03-09,453326,-124284.0
2025-03-10,497218,43892.0
2025-03-11,516822,19604.0
2025-03-12,563076,46254.0
2025-03-13,532574,-30502.0
2025-03-14,584339,51765.0
2025-03-15,506636,-77703.0
2025-03-16,488637,-17999.0
2025-03-17,532968,44331.0
2025-03-18,526419,-6549.0
2025-03-19,543668,17249.0
2025-03-20,524890,-18778.0
2025-03-21,517018,-7872.0
2025-03-22,485215,-31803.0
2025-03-23,471986,-13229.0
2025-03-24,526909,54923.0
2025-03-25,560616,33707.0
2025-03-26,563758,3142.0
2025-03-27,543835,-19923.0
2025-03-28,542075,-1760.0
2025-03-29,511340,-30735.0
2025-03-30,518255,6915.0
2025-03-31,547174,28919.0
2025-04-01,538874,-8300.0
2025-04-02,557165,18291.0
2025-04-03,568450,11285.0
2025-04-04,578745,10295.0
2025-04-05,523910,-54835.0
2025-04-06,515998,-7912.0
2025-04-07,574422,58424.0
2025-04-08,573622,-800.0
2025-04-09,594883,21261.0
2025-04-10,588308,-6575.0
2025-04-11,600011,11703.0
2025-04-12,539507,-60504.0
2025-04-13,532260,-7247.0
2025-04-14,586573,54313.0
2025-04-15,593232,6659.0
2025-04-16,584866,-8366.0
2025-04-17,584193,-673.0
2025-04-18,596307,12114.0
2025-04-19,497565,-98742.0
2025-04-20,480998,-16567.0
2025-04-21,564693,83695.0
2025-04-22,611065,46372.0
2025-04-23,645501,34436.0
2025-04-24,637901,-7600.0
2025-04-25,593839,-44062.0
2025-04-26,522507,-71332.0
2025-04-27,503552,-18955.0
2025-04-28,559691,56139.0
2025-04-29,564560,4869.0
2025-04-30,604156,39596.0
2025-05-01,629978,25822.0
2025-05-02,637597,7619.0
2025-05-03,564978,-72619.0
2025-05-04,545820,-19158.0
2025-05-05,592571,46751.0
2025-05-06,645076,52505.0
2025-05-07,615186,-29890.0
2025-05-08,649223,34037.0
2025-05-09,725279,76056.0
2025-05-10,695410,-29869.0
2025-05-11,644563,-50847.0
2025-05-12,635245,-9318.0
2025-05-13,599908,-35337.0
2025-05-14,571191,-28717.0
2025-05-15,578751,7560.0
2025-05-16,633320,54569.0
2025-05-17,596808,-36512.0
2025-05-18,519522,-77286.0
2025-05-19,617470,97948.0
2025-05-20,654635,37165.0
2025-05-21,707962,53327.0
2025-05-22,739224,31262.0
2025-05-23,690936,-48288.0
2025-05-24,643072,-47864.0
2025-05-25,604972,-38100.0
2025-05-26,610454,5482.0
2025-05-27,675471,65017.0
2025-05-28,688913,13442.0
2025-05-29,666059,-22854.0
2025-05-30,753899,87840.0
2025-05-31,719898,-34001.0
2025-06-01,631992,-87906.0
2025-06-02,665129,33137.0
2025-06-03,645547,-19582.0
2025-06-04,676594,31047.0
2025-06-05,698827,22233.0
2025-06-06,674010,-24817.0
2025-06-07,657707,-16303.0
2025-06-08,691227,33520.0
2025-06-09,774814,83587.0
2025-06-10,745170,-29644.0
2025-06-11,725314,-19856.0
2025-06-12,723479,-1835.0
2025-06-13,688041,-35438.0
2025-06-14,651335,-36706.0
2025-06-15,682617,31282.0
2025-06-16,731103,48486.0
2025-06-17,729022,-2081.0
2025-06-18,764916,35894.0
2025-06-19,752429,-12487.0
2025-06-20,677896,-74533.0
2025-06-21,605956,-71940.0
2025-06-22,573556,-32400.0
2025-06-23,668377,94821.0
2025-06-24,698053,29676.0
2025-06-25,680404,-17649.0
2025-06-26,690690,10286.0
2025-06-27,705410,14720.0
2025-06-28,713817,8407.0
2025-06-29,748918,35101.0
2025-06-30,809242,60324.0
2025-07-01,791939,-17303.0
2025-07-02,719422,-72517.0
2025-07-03,714252,-5170.0
2025-07-04,689791,-24461.0
2025-07-05,670091,-19700.0
2025-07-06,678977,8886.0
2025-07-07,780855,101878.0
2025-07-08,817823,36968.0
2025-07-09,817762,-61.0
2025-07-10,835441,17679.0
2025-07-11,846183,10742.0
2025-07-12,771024,-75159.0
2025-07-13,771218,194.0
2025-07-14,804419,33201.0
2025-07-15,804726,307.0
2025-07-16,787758,-16968.0
2025-07-17,741980,-45778.0
2025-07-18,737480,-4500.0
2025-07-19,693205,-44275.0
2025-07-20,680888,-12317.0
2025-07-21,729374,48486.0
2025-07-22,720457,-8917.0
2025-07-23,729971,9514.0
2025-07-24,707953,-22018.0
2025-07-25,687757,-20196.0
2025-07-26,663372,-24385.0
2025-07-27,641454,-21918.0
2025-07-28,756166,114712.0
2025-07-29,815388,59222.0
2025-07-30,800820,-14568.0
2025-07-31,765608,-35212.0
2025-08-01,770889,5281.0
2025-08-02,727777,-43112.0
2025-08-03,718486,-9291.0
2025-08-04,736732,18246.0
2025-08-05,767308,30576.0
2025-08-06,836951,69643.0
2025-08-07,853418,16467.0
2025-08-08,837271,-16147.0
2025-08-09,779490,-57781.0
2025-08-10,790244,10754.0
2025-08-11,873317,83073.0
2025-08-12,889660,16343.0
2025-08-13,808893,-80767.0
2025-08-14,788615,-20278.0
2025-08-15,759358,-29257.0
2025-08-16,690694,-68664.0
2025-08-17,664436,-26258.0
2025-08-18,738252,73816.0
2025-08-19,791156,52904.0
2025-08-20,868825,77669.0
2025-08-21,968688,99863.0
2025-08-22,986686,17998.0
2025-08-23,874425,-112261.0
2025-08-24,851670,-22755.0
2025-08-25,874784,23114.0
2025-08-26,845589,-29195.0
2025-08-27,817558,-28031.0
2025-08-28,770376,-47182.0
2025-08-29,807814,37438.0
2025-08-30,761763,-46051.0
2025-08-31,759556,-2207.0
2025-09-01,798093,38537.0
2025-09-02,885804,87711.0
2025-09-03,932094,46290.0
2025-09-04,855662,-76432.0
2025-09-05,820541,-35121.0
2025-09-06,749110,-71431.0
2025-09-07,705436,-43674.0
2025-09-08,770804,65368.0
2025-09-09,761837,-8967.0
2025-09-10,733976,-27861.0
2025-09-11,693021,-40955.0
2025-09-12,695298,2277.0
2025-09-13,653004,-42294.0
2025-09-14,614204,-38800.0
2025-09-15,713971,99767.0
2025-09-16,797141,83170.0
2025-09-17,791316,-5825.0
2025-09-18,700759,-90557.0
2025-09-19,692527,-8232.0
2025-09-20,647519,-45008.0
2025-09-21,575421,-72098.0
2025-09-22,693237,117816.0
2025-09-23,774430,81193.0
2025-09-24,762427,-12003.0
2025-09-25,693233,-69194.0
2025-09-26,650032,-43201.0
2025-09-27,600388,-49644.0
2025-09-28,597686,-2702.0
2025-09-29,628201,30515.0
2025-09-30,658808,30607.0
2025-10-01,656959,-1849.0
2025-10-02,647252,-9707.0
2025-10-03,648355,1103.0
2025-10-04,565708,-82647.0
2025-10-05,562468,-3240.0
2025-10-06,634355,71887.0
2025-10-07,644328,9973.0
2025-10-08,630527,-13801.0
2025-10-09,601895,-28632.0
2025-10-10,577377,-24518.0
2025-10-11,561460,-15917.0
2025-10-12,523032,-38428.0
2025-10-13,598529,75497.0
2025-10-14,596020,-2509.0
2025-10-15,614984,18964.0
2025-10-16,564465,-50519.0
2025-10-17,528986,-35479.0
2025-10-18,536339,7353.0
2025-10-19,494891,-41448.0
2025-10-20,577241,82350.0
2025-10-21,597976,20735.0
2025-10-22,619316,21340.0
2025-10-23,595179,-24137.0
2025-10-24,591047,-4132.0
2025-10-25,557751,-33296.0
2025-10-26,536798,-20953.0
2025-10-27,584478,47680.0
2025-10-28,628018,43540.0
2025-10-29,618960,-9058.0
2025-10-30,627677,8717.0
2025-10-31,598394,-29283.0
2025-11-01,590983,-7411.0
2025-11-02,526113,-64870.0
2025-11-03,594741,68628.0
2025-11-04,594037,-704.0
2025-11-05,581544,-12493.0
2025-11-06,528814,-52730.0
2025-11-07,586375,57561.0
2025-11-08,580298,-6077.0
2025-11-09,568944,-11354.0
2025-11-10,560602,-8342.0
2025-11-11,598415,37813.0
2025-11-12,586347,-12068.0
2025-11-13,588058,1711.0
2025-11-14,596592,8534.0
2025-11-15,538576,-58016.0
2025-11-16,507750,-30826.0
2025-11-17,503045,-4705.0
2025-11-18,537960,34915.0
2025-11-19,570995,33035.0
2025-11-20,610264,39269.0
2025-11-21,615530,5266.0
2025-11-22,563430,-52100.0
2025-11-23,505196,-58234.0
2025-11-24,519037,13841.0
2025-11-25,544604,25567.0
2025-11-26,600400,55796.0
2025-11-27,612780,12380.0
2025-11-28,537563,-75217.0
2025-11-29,545251,7688.0
2025-11-30,541524,-3727.0
2025-12-01,558002,16478.0
2025-12-02,623608,65606.0
2025-12-03,596241,-27367.0
2025-12-04,652778,56537.0
2025-12-05,537292,-115486.0
2025-12-06,533249,-4043.0
2025-12-07,458778,-74471.0
2025-12-08,473492,14714.0
2025-12-09,539159,65667.0
2025-12-10,558180,19021.0
